Population,Code,Ind.,FID,Comment,Ind_Num,Max_PDOP,GPS_Date,GPS_Time,Northing,Easting,Point_ID,IDENT,extraction comments
Arapaho N,AN,1,0,Arapahoe North 1,1,0,12/30/1899 0:00:00, ,4504971.89,390170.079,0,,
Arapaho N,AN,2,29,Arapahoe North 2,2,0,12/30/1899 0:00:00, ,4504866.996,390107.799,0,,
Arapaho N,AN,3,28,Arapahoe North 3,3,0,12/30/1899 0:00:00, ,4504863.51,390109.354,0,,
Arapaho N,AN,4,24,Arapahoe North 4,4,0,12/30/1899 0:00:00, ,4504847.725,390113.862,0,,
Arapaho N,AN,5,25,Arapahoe North 5,5,0,12/30/1899 0:00:00, ,4504855.661,390113.763,0,,
Arapaho N,AN,6,26,Arapahoe North 6,6,0,12/30/1899 0:00:00, ,4504858.483,390111.655,0,,
Arapaho N,AN,7,27,Arapahoe North 7,7,0,12/30/1899 0:00:00, ,4504860.461,390113.872,0,,
Arapaho N,AN,8,23,Arapahoe North 8,8,0,12/30/1899 0:00:00, ,4504848.012,390115.106,0,,
Arapaho N,AN,9,22,Arapahoe North 9,9,0,12/30/1899 0:00:00, ,4504847.289,390119.301,0,,
Arapaho N,AN,10,21,Arapahoe North 10,10,0,12/30/1899 0:00:00, ,4504846.757,390124.977,0,,
Arapaho N,AN,11,20,Arapahoe North 11,11,0,12/30/1899 0:00:00, ,4504836.184,390131.748,0,,
Arapaho N,AN,12,19,Arapahoe North 12,12,0,12/30/1899 0:00:00, ,4504840.347,390146.149,0,,
Arapaho N,AN,13,18,Arapahoe North 13,13,0,12/30/1899 0:00:00, ,4504841.865,390154.003,0,,
Arapaho N,AN,14,17,Arapahoe North 14,14,0,12/30/1899 0:00:00, ,4504840.293,390158.959,0,,
Arapaho N,AN,15,16,Arapahoe North 15,15,0,12/30/1899 0:00:00, ,4504841.27,390182.574,0,,
Arapaho N,AN,16,15,Arapahoe North 17,16,0,12/30/1899 0:00:00, ,4504849.688,390175.119,0,,
Arapaho N,AN,17,14,Arapahoe North 17,17,0,12/30/1899 0:00:00, ,4504852.497,390163.324,0,,
Arapaho N,AN,18,13,Arapahoe North 18,18,0,12/30/1899 0:00:00, ,4504853.147,390149.206,0,,
Arapaho N,AN,19,12,Arapahoe North 19,19,0,12/30/1899 0:00:00, ,4504855.87,390138.441,0,,
Arapaho N,AN,20,11,Arapahoe North 20,20,0,12/30/1899 0:00:00, ,4504863.733,390137.868,0,,
Arapaho N,AN,21,10,Arapahoe North 21,21,0,12/30/1899 0:00:00, ,4504876.11,390135.006,0,,
Arapaho N,AN,22,9,Arapahoe North 22,22,0,12/30/1899 0:00:00, ,4504883.177,390134.974,0,,
Arapaho N,AN,23,8,Arapahoe North 23,23,0,12/30/1899 0:00:00, ,4504908.089,390141.029,0,,
Arapaho N,AN,24,7,Arapahoe North 24,24,0,12/30/1899 0:00:00, ,4504922.683,390143.58,0,,
Arapaho N,AN,25,6,Arapahoe North 25,25,0,12/30/1899 0:00:00, ,4504936.36,390147.716,0,,"Second wash used barely diluted buffer; washed again with proper dilution; also beat without beads, so run through again after adding buffer 1 (and beads)"
Arapaho N,AN,26,2,Arapahoe North 26,26,0,12/30/1899 0:00:00, ,4504963.348,390168.189,0,,Second wash used barely diluted buffer; washed again with proper dilution
Arapaho N,AN,27,3,Arapahoe North 27,27,0,12/30/1899 0:00:00, ,4504964.736,390160.861,0,,Second wash used barely diluted buffer; washed again with proper dilution
Arapaho N,AN,28,4,Arapahoe North 28,28,0,12/30/1899 0:00:00, ,4504949.75,390157.51,0,,Second wash used barely diluted buffer; washed again with proper dilution
Arapaho N,AN,29,5,Arapahoe North 29,29,0,12/30/1899 0:00:00, ,4504940.538,390151.443,0,,Second wash used barely diluted buffer; washed again with proper dilution
Arapaho N,AN,30,1,Arapahoe North 30,30,0,12/30/1899 0:00:00, ,4504969.145,390170.603,0,,Second wash used barely diluted buffer; washed again with proper dilution
,,,,,,,,,,,,,
Arapaho S,AS,1,0,arapahoe south 1,1,0,12/30/1899 0:00:00, ,4504263.182,389776.1367,0,,
Arapaho S,AS,2,1,arapahoe south 2,2,0,12/30/1899 0:00:00, ,4504267.409,389776.5901,0,,
Arapaho S,AS,3,2,arapahoe south 3,3,0,12/30/1899 0:00:00, ,4504260.89,389770.7615,0,,
Arapaho S,AS,4,3,arapahoe south 4,4,0,12/30/1899 0:00:00, ,4504269.928,389768.7489,0,,
Arapaho S,AS,5,4,arapahoe south 5,5,0,12/30/1899 0:00:00, ,4504273.21,389761.8633,0,,
Arapaho S,AS,6,5,arapahoe south 6,6,0,12/30/1899 0:00:00, ,4504272.831,389755.5457,0,,
Arapaho S,AS,7,6,arapahoe south 7,7,0,12/30/1899 0:00:00, ,4504277.454,389755.2063,0,,
Arapaho S,AS,8,7,arapahoe south 8,8,0,12/30/1899 0:00:00, ,4504274.973,389749.132,0,,
Arapaho S,AS,9,8,arapahoe south 9,9,0,12/30/1899 0:00:00, ,4504271.739,389749.4517,0,,spilled beads and much of macerated tissue during extraction process
Arapaho S,AS,10,9,arapahoe south 10,10,0,12/30/1899 0:00:00, ,4504256.192,389743.785,0,,
Arapaho S,AS,11,10,arapahoe south 11,11,0,12/30/1899 0:00:00, ,4504247.858,389747.7945,0,,
Arapaho S,AS,12,11,arapahoe south 12,12,0,12/30/1899 0:00:00, ,4504239.875,389751.6606,0,,
Arapaho S,AS,13,12,arapahoe south 13,13,0,12/30/1899 0:00:00, ,4504232.075,389753.2628,0,,
Arapaho S,AS,14,13,arapahoe south 14,14,0,12/30/1899 0:00:00, ,4504228.93,389743.6296,0,,
Arapaho S,AS,15,14,arapahoe south 15,15,0,12/30/1899 0:00:00, ,4504229.956,389736.1362,0,,
Arapaho S,AS,16,15,arapahoe south 16,16,0,12/30/1899 0:00:00, ,4504218.333,389731.615,0,,
Arapaho S,AS,17,16,arapahoe south 17,17,0,12/30/1899 0:00:00, ,4504219.24,389737.2452,0,,
Arapaho S,AS,18,17,arapahoe south 18,18,0,12/30/1899 0:00:00, ,4504217.678,389742.7695,0,,
Arapaho S,AS,19,18,arapahoe south 19,19,0,12/30/1899 0:00:00, ,4504204.778,389763.6357,0,,
Arapaho S,AS,20,19,arapahoe south 20,20,0,12/30/1899 0:00:00, ,4504206.383,389759.4619,0,,
Arapaho S,AS,21,20,arapahoe south 21,21,0,12/30/1899 0:00:00, ,4504210.918,389766.8744,0,,
Arapaho S,AS,22,21,arapahoe south 22,22,0,12/30/1899 0:00:00, ,4504203.57,389767.1733,0,,
Arapaho S,AS,23,22,arapahoe south 23,23,0,12/30/1899 0:00:00, ,4504193.708,389758.4223,0,,
Arapaho S,AS,24,23,arapahoe south 24,24,0,12/30/1899 0:00:00, ,4504196.105,389772.8999,0,,
Arapaho S,AS,25,24,arapahoe south 25,25,0,12/30/1899 0:00:00, ,4504186.849,389755.8848,0,,
Arapaho S,AS,26,25,arapahoe south 26,26,0,12/30/1899 0:00:00, ,4504182.03,389755.9837,0,,
Arapaho S,AS,27,26,arapahoe south 27,27,0,12/30/1899 0:00:00, ,4504169.829,389760.0721,0,,
Arapaho S,AS,28,27,arapahoe south 28,28,0,12/30/1899 0:00:00, ,4504165.866,389763.1439,0,,
Arapaho S,AS,29,28,arapahoe south 29,29,0,12/30/1899 0:00:00, ,4504166.207,389769.6855,0,,
Arapaho S,AS,30,29,arapahoe south 30,30,0,12/30/1899 0:00:00, ,4504168.846,389770.6772,0,,
Arapaho S,AS,31,30,arapahoe south 31,31,0,12/30/1899 0:00:00, ,4504168.312,389773.207,0,,
Brownlee,B,1,0,Brownlee 1,1,3.0999999,7/31/2009 0:00,11:07:28am,4508222.573,381309.462,1,,"Extraction waste much darker (brown, not yellow) than normal"
Brownlee,B,2,1,Brownlee 2,2,4.5999999,7/31/2009 0:00,11:12:13am,4508254.971,381292.583,2,,"Extraction waste much darker (brown, not yellow) than normal"
Brownlee,B,3,2,Brownlee 3,3,3.4000001,7/31/2009 0:00,11:13:32am,4508246.323,381290.028,3,,"Extraction waste much darker (brown, not yellow) than normal"
Brownlee,B,4,3,Brownlee 4,4,3.0999999,7/31/2009 0:00,11:14:12am,4508242.71,381290.203,4,,"Extraction waste much darker (brown, not yellow) than normal"
Brownlee,B,5,4,Brownlee 5,5,3,7/31/2009 0:00,11:14:52am,4508244.374,381291.083,5,,"Extraction waste much darker (brown, not yellow) than normal"
Brownlee,B,6,5,Brownlee 6,6,3.2,7/31/2009 0:00,11:16:44am,4508260.96,381289.305,6,,"Extraction waste much darker (brown, not yellow) than normal"
Brownlee,B,7,6,Brownlee 7,7,5.3000002,7/31/2009 0:00,11:17:31am,4508259.314,381289.249,7,,"Extraction waste much darker (brown, not yellow) than normal"
Brownlee,B,8,7,Brownlee 8,8,5,7/31/2009 0:00,11:18:13am,4508261.157,381290.662,8,,"Extraction waste much darker (brown, not yellow) than normal"
Brownlee,B,9,8,Brownlee 9 - collection branch,9,2.5,7/31/2009 0:00,11:19:05am,4508264.088,381284.166,9,,"Extraction waste much darker (brown, not yellow) than normal"
Brownlee,B,10,9,Brownlee 10,10,2.2,7/31/2009 0:00,11:20:07am,4508270.926,381290.775,10,,"Extraction waste much darker (brown, not yellow) than normal"
Brownlee,B,11,10,Brownlee 11,11,2.2,7/31/2009 0:00,11:20:51am,4508273.24,381291.403,11,,"Extraction waste much darker (brown, not yellow) than normal"
Brownlee,B,12,11,Brownlee 12,12,2.7,7/31/2009 0:00,11:21:57am,4508263.535,381297.679,12,,"Extraction waste much darker (brown, not yellow) than normal"
Brownlee,B,13,12,Brownlee 13,13,2.4000001,7/31/2009 0:00,11:30:05am,4508381.77,381324.188,13,,"Extraction waste much darker (brown, not yellow) than normal"
Brownlee,B,14,13,Brownlee 14,14,2.4000001,7/31/2009 0:00,11:31:06am,4508382.707,381325.535,14,,"Extraction waste much darker (brown, not yellow) than normal"
Brownlee,B,15,14,Brownlee 15,15,3.2,7/31/2009 0:00,11:32:00am,4508385.934,381329.178,15,,"Extraction waste much darker (brown, not yellow) than normal"
Brownlee,B,16,15,Brownlee 16,16,2.3,7/31/2009 0:00,11:33:28am,4508391.242,381330.763,16,,"Extraction waste much darker (brown, not yellow) than normal"
Brownlee,B,17,16,Brownlee 17,17,2.9000001,7/31/2009 0:00,11:34:48am,4508402.072,381318.695,17,,"Extraction waste much darker (brown, not yellow) than normal"
Brownlee,B,18,17,Brownlee 18 - collection whole,18,3.5999999,7/31/2009 0:00,11:35:43am,4508409.595,381316.821,18,,"Extraction waste much darker (brown, not yellow) than normal"
Brownlee,B,19,18,Brownlee 19,19,2.9000001,7/31/2009 0:00,11:36:37am,4508416.885,381317.117,19,,
Brownlee,B,20,19,Brownlee 20,20,2.9000001,7/31/2009 0:00,11:37:28am,4508426.857,381316.064,20,,
Brownlee,B,21,20,Brownlee 21,21,2,7/31/2009 0:00,11:39:50am,4508469.175,381290.233,21,,
Brownlee,B,22,21,Brownlee 22,22,2.7,7/31/2009 0:00,11:40:34am,4508462.113,381284.415,22,,
Brownlee,B,23,22,Brownlee 23,23,3.0999999,7/31/2009 0:00,11:42:26am,4508504.235,381283.762,23,,
Brownlee,B,24,23,Brownlee 24,24,3,7/31/2009 0:00,11:52:07am,4508600.931,381298.591,24,,
Brownlee,B,25,24,Brownlee 25,25,3.3,7/31/2009 0:00,11:58:49am,4508722.608,381285.546,25,,
Brownlee,B,26,25,Brownlee 26,26,3.5999999,7/31/2009 0:00,11:59:26am,4508725.174,381288.022,26,,
Brownlee,B,27,26,Brownlee 27,27,3.3,7/31/2009 0:00,12:01:24pm,4508758.674,381292.928,27,,
Brownlee,B,28,27,Brownlee 28,28,4.9000001,7/31/2009 0:00,12:02:03pm,4508757.447,381293.542,28,,
Brownlee,B,29,28, Brownlee 29,29,3.4000001,7/31/2009 0:00,12:03:27pm,4508770.351,381298.568,29,,
Brownlee,B,30,29, Brownlee 30,30,3.5,7/31/2009 0:00,12:04:28pm,4508779.962,381301.601,30,,
California Gulch,CG,1,0,california gulch 1,1,0,12/30/1899 0:00:00, ,4520532.131,383115.0978,0,,Wash buffer not properly diluted; washed again with proper dilution
California Gulch,CG,2,1,california gulch 2,2,0,12/30/1899 0:00:00, ,4520524.389,383116.4336,0,,Wash buffer not properly diluted; washed again with proper dilution
California Gulch,CG,3,2,california gulch 3,3,0,12/30/1899 0:00:00, ,4520523.91,383116.1416,0,,Wash buffer not properly diluted; washed again with proper dilution
California Gulch,CG,4,3,california gulch 4,4,0,12/30/1899 0:00:00, ,4520632.437,383013.8615,0,,Wash buffer not properly diluted; washed again with proper dilution
California Gulch,CG,5,4,california gulch 5,5,0,12/30/1899 0:00:00, ,4520635.169,383006.9059,0,,Wash buffer not properly diluted; washed again with proper dilution
California Gulch,CG,6,5,california gulch 6,6,0,12/30/1899 0:00:00, ,4520636.908,383008.1296,0,,Wash buffer not properly diluted; washed again with proper dilution
California Gulch,CG,7,6,california gulch 7,7,0,12/30/1899 0:00:00, ,4520637.986,383008.2882,0,,Wash buffer not properly diluted; washed again with proper dilution
California Gulch,CG,8,7,california gulch 8,8,0,12/30/1899 0:00:00, ,4520635.57,383005.3777,0,,Wash buffer not properly diluted; washed again with proper dilution
California Gulch,CG,9,8,california gulch 9,9,0,12/30/1899 0:00:00, ,4520643.81,382994.148,0,,Wash buffer not properly diluted; washed again with proper dilution
California Gulch,CG,10,9,california gulch 10,10,0,12/30/1899 0:00:00, ,4520646.704,382988.1492,0,,Wash buffer not properly diluted; washed again with proper dilution
California Gulch,CG,11,10,california gulch 11,11,0,12/30/1899 0:00:00, ,4520642.254,382975.157,0,,Wash buffer not properly diluted; washed again with proper dilution
California Gulch,CG,12,11,california gulch 12,12,0,12/30/1899 0:00:00, ,4520638.436,382967.2407,0,,Wash buffer not properly diluted; washed again with proper dilution
California Gulch,CG,13,12,california gulch 13,13,0,12/30/1899 0:00:00, ,4520635.644,382967.0223,0,,Wash buffer not properly diluted; washed again with proper dilution
California Gulch,CG,14,13,california gulch 14,14,0,12/30/1899 0:00:00, ,4520641.188,382966.2901,0,,Wash buffer not properly diluted; washed again with proper dilution
California Gulch,CG,15,14,california gulch 15,15,0,12/30/1899 0:00:00, ,4520630.002,382950.7639,0,,Wash buffer not properly diluted; washed again with proper dilution
California Gulch,CG,16,15,california gulch 16,16,0,12/30/1899 0:00:00, ,4520632.618,382922.7263,0,,Wash buffer not properly diluted; washed again with proper dilution
California Gulch,CG,17,16,california gulch 17,17,0,12/30/1899 0:00:00, ,4520649.906,382912.9625,0,,Wash buffer not properly diluted; washed again with proper dilution
California Gulch,CG,18,17,california gulch 18,18,0,12/30/1899 0:00:00, ,4520650.248,382897.5719,0,,Wash buffer not properly diluted; washed again with proper dilution
California Gulch,CG,19,18,california gulch 19,19,0,12/30/1899 0:00:00, ,4520649.661,382897.16,0,,
California Gulch,CG,20,19,california gulch 20,20,0,12/30/1899 0:00:00, ,4520657.928,382899.8525,0,,
California Gulch,CG,21,20,california gulch 21,21,0,12/30/1899 0:00:00, ,4520658.909,382900.4616,0,,
California Gulch,CG,22,21,california gulch 22,22,0,12/30/1899 0:00:00, ,4520659.502,382901.2353,0,,
California Gulch,CG,23,22,california gulch 23,23,0,12/30/1899 0:00:00, ,4520662.557,382903.4508,0,,
California Gulch,CG,24,23,california gulch 24,24,0,12/30/1899 0:00:00, ,4520663.639,382902.5491,0,,
California Gulch,CG,25,24,california gulch 25,25,0,12/30/1899 0:00:00, ,4520665.079,382903.0903,0,,
California Gulch,CG,26,25,california gulch 26,26,0,12/30/1899 0:00:00, ,4520669.317,382906.1186,0,,
California Gulch,CG,27,26,california gulch 27,27,0,12/30/1899 0:00:00, ,4520671.895,382907.1145,0,,
California Gulch,CG,28,27,california gulch 28,28,0,12/30/1899 0:00:00, ,4520670.293,382872.5571,0,,
California Gulch,CG,29,28,california gulch 29,29,0,12/30/1899 0:00:00, ,4520674.774,382868.5528,0,,
California Gulch,CG,30,29,california gulch 30,30,0,12/30/1899 0:00:00, ,4520618.333,382858.9845,0,,
Diamond J NE,D,1,0,diamond j ne 1,1,0,12/30/1899 0:00:00, ,4516995.83,386382.6512,0,,
Diamond J NE,D,2,1,diamond j ne 2,2,0,12/30/1899 0:00:00, ,4517000.38,386380.6426,0,,
Diamond J NE,D,3,2,diamond j ne 3,3,0,12/30/1899 0:00:00, ,4517000.513,386380.729,0,,
Diamond J NE,D,4,3,diamond j ne 4,4,0,12/30/1899 0:00:00, ,4517001.036,386384.2098,0,,
Diamond J NE,D,5,4,diamond j ne 5,5,0,12/30/1899 0:00:00, ,4517002.459,386382.3321,0,,
Diamond J NE,D,6,5,diamond j ne 6,6,0,12/30/1899 0:00:00, ,4517000.758,386379.0033,0,,
Diamond J NE,D,7,6,diamond j ne 7,7,0,12/30/1899 0:00:00, ,4516997.696,386372.3755,0,,
Diamond J NE,D,8,7,diamond j ne 8,8,0,12/30/1899 0:00:00, ,4516994.959,386366.064,0,,
Diamond J NE,D,9,8,diamond j ne 9,9,0,12/30/1899 0:00:00, ,4516996.771,386363.5997,0,,
Diamond J NE,D,10,9,diamond j ne 10,10,0,12/30/1899 0:00:00, ,4516996.779,386361.4307,0,,
Diamond J NE,D,11,10,diamond j ne 11,11,0,12/30/1899 0:00:00, ,4516989.999,386365.7337,0,,
Diamond J NE,D,12,11,,,,,,,,0,,
Diamond J NE,D,13,12,diamond j ne 13,13,0,12/30/1899 0:00:00, ,4516987.3,386370.3792,0,,
Diamond J NE,D,14,13,diamond j ne 14,14,0,12/30/1899 0:00:00, ,4516988.154,386369.6215,0,,
Diamond J NE,D,15,14,diamond j ne 15,15,0,12/30/1899 0:00:00, ,4516988.105,386369.539,0,,
Diamond J NE,D,16,15,diamond j ne 16,16,0,12/30/1899 0:00:00, ,4516987.903,386368.6868,0,,
Diamond J NE,D,17,16,diamond j ne 17,17,0,12/30/1899 0:00:00, ,4516988.842,386370.725,0,,
Diamond J NE,D,18,17,diamond j ne 18,18,0,12/30/1899 0:00:00, ,4516987.574,386372.4171,0,,
Diamond J NE,D,19,18,diamond j ne 19,19,0,12/30/1899 0:00:00, ,4516986.065,386371.8959,0,,
Diamond J NE,D,20,19,diamond j ne 20,20,0,12/30/1899 0:00:00, ,4516986.975,386370.3639,0,,
Diamond J NE,D,21,20,diamond j ne 21,21,0,12/30/1899 0:00:00, ,4516991.102,386376.0287,0,,
Diamond J NE,D,22,21,diamond j ne 22,22,0,12/30/1899 0:00:00, ,4516992.667,386379.4398,0,,
Diamond J NE,D,23,22,diamond j ne 23,23,0,12/30/1899 0:00:00, ,4516993.671,386378.6455,0,,
Diamond J NE,D,24,23,diamond j ne 24,24,0,12/30/1899 0:00:00, ,4516994.332,386377.7815,0,,
Diamond J NE,D,25,24,diamond j ne 25,25,0,12/30/1899 0:00:00, ,4516994.411,386374.9634,0,,
Diamond J NE,D,26,25,diamond j ne 26,26,0,12/30/1899 0:00:00, ,4516994.058,386374.9207,0,,
Diamond J NE,D,27,26,diamond j ne 27,27,0,12/30/1899 0:00:00, ,4516993.923,386373.1534,0,,
Diamond J NE,D,28,27,diamond j ne 28,28,0,12/30/1899 0:00:00, ,4516994.827,386371.8515,0,,
Diamond J NE,D,29,28,diamond j ne 29,29,0,12/30/1899 0:00:00, ,4516994.28,386369.564,0,,
Diamond J NE,D,30,,diamond j ne 30,30,0,12/30/1899 0:00:00, ,4516992.079,386370.9151,,,
Forrester Creek,F,1,0,forrester creek 1,1,0,12/30/1899 0:00:00, ,4530843.682,417460.818,0,,"re-filtered DNA, from #6 to end of short protocol,accidentally skipping fast spin step to dry off any remaining ethanol!"
Forrester Creek,F,2,1,forrester creek 2,2,0,12/30/1899 0:00:00, ,4530843.547,417468.026,0,,"re-filtered DNA, from #6 to end of short protocol,accidentally skipping fast spin step to dry off any remaining ethanol!"
Forrester Creek,F,3,2,forrester creek 3,3,0,12/30/1899 0:00:00, ,4530839.761,417465.931,0,,"re-filtered DNA, from #6 to end of short protocol,accidentally skipping fast spin step to dry off any remaining ethanol!"
Forrester Creek,F,4,3,forrester creek 4,4,0,12/30/1899 0:00:00, ,4530833.546,417467.767,0,,"re-filtered DNA, from #6 to end of short protocol,accidentally skipping fast spin step to dry off any remaining ethanol!"
Forrester Creek,F,5,4,forrester creek 5,5,0,12/30/1899 0:00:00, ,4530822.314,417460.057,0,,"re-filtered DNA, from #6 to end of short protocol,accidentally skipping fast spin step to dry off any remaining ethanol!"
Forrester Creek,F,6,5,forrester creek 6,6,0,12/30/1899 0:00:00, ,4530820.006,417466.565,0,,"re-filtered DNA, from #6 to end of short protocol,accidentally skipping fast spin step to dry off any remaining ethanol!"
Forrester Creek,F,7,6,forrester creek 7,7,0,12/30/1899 0:00:00, ,4530813.188,417466.342,0,,"re-filtered DNA, from #6 to end of short protocol,accidentally skipping fast spin step to dry off any remaining ethanol!"
Forrester Creek,F,8,7,forrester creek 8,8,0,12/30/1899 0:00:00, ,4530811.424,417459.041,0,,"re-filtered DNA, from #6 to end of short protocol,accidentally skipping fast spin step to dry off any remaining ethanol!"
Forrester Creek,F,9,8,forrester creek 9,9,0,12/30/1899 0:00:00, ,4530806.504,417457.844,0,,"re-filtered DNA, from #6 to end of short protocol,accidentally skipping fast spin step to dry off any remaining ethanol!"
Forrester Creek,F,10,9,forrester creek 10,10,0,12/30/1899 0:00:00, ,4530804.91,417460.536,0,,"re-filtered DNA, from #6 to end of short protocol,accidentally skipping fast spin step to dry off any remaining ethanol!"
Forrester Creek,F,11,10,forrester creek 11,11,0,12/30/1899 0:00:00, ,4530800.878,417459.511,0,,"re-filtered DNA, from #6 to end of short protocol,accidentally skipping fast spin step to dry off any remaining ethanol!"
Forrester Creek,F,12,11,forrester creek 12,12,0,12/30/1899 0:00:00, ,4530788.532,417460.841,0,,"re-filtered DNA, from #6 to end of short protocol,accidentally skipping fast spin step to dry off any remaining ethanol!"
Forrester Creek,F,13,12,forrester creek 13,13,0,12/30/1899 0:00:00, ,4530791.034,417465.377,0,,"re-filtered DNA, from #6 to end of short protocol,accidentally skipping fast spin step to dry off any remaining ethanol!"
Forrester Creek,F,14,13,forrester creek 14,14,0,12/30/1899 0:00:00, ,4530796.326,417466.014,0,,"re-filtered DNA, from #6 to end of short protocol,accidentally skipping fast spin step to dry off any remaining ethanol!"
Forrester Creek,F,15,14,forrester creek 15,15,0,12/30/1899 0:00:00, ,4530800.176,417467.094,0,,"re-filtered DNA, from #6 to end of short protocol,accidentally skipping fast spin step to dry off any remaining ethanol!"
Forrester Creek,F,16,15,forrester creek 16,16,0,12/30/1899 0:00:00, ,4530791.756,417406.018,0,,
Forrester Creek,F,17,16,forrester creek 17,17,0,12/30/1899 0:00:00, ,4530783.373,417398.857,0,,
Forrester Creek,F,18,17,forrester creek 18,18,0,12/30/1899 0:00:00, ,4530797.073,417391.222,0,,
Forrester Creek,F,19,18,forrester creek 19,19,0,12/30/1899 0:00:00, ,4530807.222,417396.023,0,,
Forrester Creek,F,20,19,forrester creek 20,20,0,12/30/1899 0:00:00, ,4530817.287,417388.432,0,,
Forrester Creek,F,21,20,forrester creek 21,21,0,12/30/1899 0:00:00, ,4530819.832,417380.863,0,,
Forrester Creek,F,22,21,forrester creek 22,22,0,12/30/1899 0:00:00, ,4530827.791,417375.855,0,,
Forrester Creek,F,23,22,forrester creek 23,23,0,12/30/1899 0:00:00, ,4530836.338,417372.297,0,,
Forrester Creek,F,24,23,forrester creek 24,24,0,12/30/1899 0:00:00, ,4530829.144,417368.566,0,,
Forrester Creek,F,25,24,forrester creek 25,25,0,12/30/1899 0:00:00, ,4530817.066,417372.738,0,,
Forrester Creek,F,26,25,forrester creek 26,26,0,12/30/1899 0:00:00, ,4530813.214,417361.05,0,,"re-filtered DNA, from #6 to end of short protocol,accidentally skipping fast spin step to dry off any remaining ethanol!"
Forrester Creek,F,27,26,forrester creek 27,27,0,12/30/1899 0:00:00, ,4530800.784,417343.143,0,,
Forrester Creek,F,28,27,forrester creek 28,28,0,12/30/1899 0:00:00, ,4530761.885,417335.689,0,,
Forrester Creek,F,29,28,forrester creek 29,29,0,12/30/1899 0:00:00, ,4530725.78,417355.224,0,,
Forrester Creek,F,30,29,forrester creek 30,30,0,12/30/1899 0:00:00, ,4530769.561,417374.875,0,,
Hohnholz NE,HN,1,0,holmholtz ne 1,1,0,12/30/1899 0:00:00, ,4534181.862,413901.4668,0,,"re-filtered DNA, from #6 to end of short protocol,accidentally skipping fast spin step to dry off any remaining ethanol!"
Hohnholz NE,HN,2,1,holmholtz ne 2,2,0,12/30/1899 0:00:00, ,4534183.091,413902.0676,0,,"re-filtered DNA, from #6 to end of short protocol,accidentally skipping fast spin step to dry off any remaining ethanol!"
Hohnholz NE,HN,3,2,holmholtz ne 3,3,0,12/30/1899 0:00:00, ,4534188.045,413905.3684,0,,"re-filtered DNA, from #6 to end of short protocol,accidentally skipping fast spin step to dry off any remaining ethanol!"
Hohnholz NE,HN,4,3,holmholtz ne 4,4,0,12/30/1899 0:00:00, ,4534188.18,413905.8785,0,,
Hohnholz NE,HN,5,4,holmholtz ne 5,5,0,12/30/1899 0:00:00, ,4534188.196,413905.7065,0,,"incubated @ 65 degrees C on 2nd elution, instead of first, re-filtered DNA, from #6 to end of short protocol,accidentally skipping fast spin step to dry off any remaining ethanol!"
Hohnholz NE,HN,6,5,holmholtz ne 6,6,0,12/30/1899 0:00:00, ,4534187.895,413906.3776,0,,"incubated @ 65 degrees C on 2nd elution, instead of first"
Hohnholz NE,HN,7,6,holmholtz ne 7,7,0,12/30/1899 0:00:00, ,4534194.886,413905.4403,0,,"incubated @ 65 degrees C on 2nd elution, instead of first, re-filtered DNA, from #6 to end of short protocol,accidentally skipping fast spin step to dry off any remaining ethanol!"
Hohnholz NE,HN,8,7,holmholtz ne 8,8,0,12/30/1899 0:00:00, ,4534214.928,413924.6621,0,,"incubated @ 65 degrees C on 2nd elution, instead of first, re-filtered DNA, from #6 to end of short protocol,accidentally skipping fast spin step to dry off any remaining ethanol!"
Hohnholz NE,HN,9,8,holmholtz ne 9,9,0,12/30/1899 0:00:00, ,4534218.642,413928.8223,0,,"incubated @ 65 degrees C on 2nd elution, instead of first, re-filtered DNA, from #6 to end of short protocol,accidentally skipping fast spin step to dry off any remaining ethanol!"
Hohnholz NE,HN,10,9,holmholtz ne 10,10,0,12/30/1899 0:00:00, ,4534223.013,413933.7619,0,,"incubated @ 65 degrees C on 2nd elution, instead of first"
Hohnholz NE,HN,11,10,holmholtz ne 11,11,0,12/30/1899 0:00:00, ,4534236.075,413952.1698,0,,"incubated @ 65 degrees C on 2nd elution, instead of first"
Hohnholz NE,HN,12,11,holmholtz ne 12,12,0,12/30/1899 0:00:00, ,4534236.322,413952.0674,0,,"incubated @ 65 degrees C on 2nd elution, instead of first, re-filtered DNA, from #6 to end of short protocol,accidentally skipping fast spin step to dry off any remaining ethanol!"
Hohnholz NE,HN,13,12,holmholtz ne 13,13,0,12/30/1899 0:00:00, ,4534238.808,413951.6426,0,,"incubated @ 65 degrees C on 2nd elution, instead of first"
Hohnholz NE,HN,14,13,holmholtz ne 14,14,0,12/30/1899 0:00:00, ,4534238.93,413951.702,0,,"incubated @ 65 degrees C on 2nd elution, instead of first, re-filtered DNA, from #6 to end of short protocol,accidentally skipping fast spin step to dry off any remaining ethanol!"
Hohnholz NE,HN,15,14,holmholtz ne 15,15,0,12/30/1899 0:00:00, ,4534244.11,413956.6785,0,,"incubated @ 65 degrees C on 2nd elution, instead of first, re-filtered DNA, from #6 to end of short protocol,accidentally skipping fast spin step to dry off any remaining ethanol!"
Hohnholz NE,HN,16,15,holmholtz ne 16,16,0,12/30/1899 0:00:00, ,4534244.22,413956.6981,0,,"incubated @ 65 degrees C on 2nd elution, instead of first, re-filtered DNA, from #6 to end of short protocol,accidentally skipping fast spin step to dry off any remaining ethanol!"
Hohnholz NE,HN,17,16,holmholtz ne 17,17,0,12/30/1899 0:00:00, ,4534246.614,413958.8272,0,,"incubated @ 65 degrees C on 2nd elution, instead of first, re-filtered DNA, from #6 to end of short protocol,accidentally skipping fast spin step to dry off any remaining ethanol!"
Hohnholz NE,HN,18,17,holmholtz ne 18,18,0,12/30/1899 0:00:00, ,4534246.597,413962.0543,0,,"incubated @ 65 degrees C on 2nd elution, instead of first, re-filtered DNA, from #6 to end of short protocol,accidentally skipping fast spin step to dry off any remaining ethanol!"
Hohnholz NE,HN,19,18,holmholtz ne 19,19,0,12/30/1899 0:00:00, ,4534247.615,413962.0392,0,,"incubated @ 65 degrees C on 2nd elution, instead of first, re-filtered DNA, from #6 to end of short protocol,accidentally skipping fast spin step to dry off any remaining ethanol!"
Hohnholz NE,HN,20,19,holmholtz ne 20,20,0,12/30/1899 0:00:00, ,4534247.338,413961.0613,0,,"incubated @ 65 degrees C on 2nd elution, instead of first, re-filtered DNA, from #6 to end of short protocol,accidentally skipping fast spin step to dry off any remaining ethanol!"
Hohnholz NE,HN,21,20,holmholtz ne 21,21,0,12/30/1899 0:00:00, ,4534259.335,413970.5952,0,,"incubated @ 65 degrees C on 2nd elution, instead of first, re-filtered DNA, from #6 to end of short protocol,accidentally skipping fast spin step to dry off any remaining ethanol!"
Hohnholz NE,HN,22,21,holmholtz ne 22,22,0,12/30/1899 0:00:00, ,4534259.207,413970.522,0,,"incubated @ 65 degrees C on 2nd elution, instead of first, re-filtered DNA, from #6 to end of short protocol,accidentally skipping fast spin step to dry off any remaining ethanol!"
Hohnholz NE,HN,23,22,holmholtz ne 23,23,0,12/30/1899 0:00:00, ,4534261.345,413972.1988,0,,"incubated @ 65 degrees C on 2nd elution, instead of first, re-filtered DNA, from #6 to end of short protocol,accidentally skipping fast spin step to dry off any remaining ethanol!"
Hohnholz NE,HN,24,23,holmholtz ne 24,24,0,12/30/1899 0:00:00, ,4534261.119,413972.9056,0,,"incubated @ 65 degrees C on 2nd elution, instead of first, re-filtered DNA, from #6 to end of short protocol,accidentally skipping fast spin step to dry off any remaining ethanol!"
Hohnholz NE,HN,25,24,holmholtz ne 25,25,0,12/30/1899 0:00:00, ,4534261.178,413972.8607,0,,"incubated @ 65 degrees C on 2nd elution, instead of first, re-filtered DNA, from #6 to end of short protocol,accidentally skipping fast spin step to dry off any remaining ethanol!"
Hohnholz NE,HN,26,25,holmholtz ne 26,26,0,12/30/1899 0:00:00, ,4534262.501,413972.096,0,,"incubated @ 65 degrees C on 2nd elution, instead of first, re-filtered DNA, from #6 to end of short protocol,accidentally skipping fast spin step to dry off any remaining ethanol!"
Hohnholz NE,HN,27,26,holmholtz ne 27,27,0,12/30/1899 0:00:00, ,4534262.188,413973.9593,0,,"incubated @ 65 degrees C on 2nd elution, instead of first, re-filtered DNA, from #6 to end of short protocol,accidentally skipping fast spin step to dry off any remaining ethanol!"
Hohnholz NE,HN,28,27,holmholtz ne 28,28,0,12/30/1899 0:00:00, ,4534262.021,413974.0685,0,,"incubated @ 65 degrees C on 2nd elution, instead of first; lost part of sample during step #6 of extraction, re-filtered DNA, from #6 to end of short protocol,accidentally skipping fast spin step to dry off any remaining ethanol!"
Hohnholz NE,HN,29,28,holmholtz ne 29,29,0,12/30/1899 0:00:00, ,4534264.057,413977.4574,0,,"incubated @ 65 degrees C on 2nd elution, instead of first, re-filtered DNA, from #6 to end of short protocol,accidentally skipping fast spin step to dry off any remaining ethanol!"
Hohnholz NE,HN,30,29,holmholtz ne 30,30,0,12/30/1899 0:00:00, ,4534259.343,413971.2848,0,,"incubated @ 65 degrees C on 2nd elution, instead of first, re-filtered DNA, from #6 to end of short protocol,accidentally skipping fast spin step to dry off any remaining ethanol!"
Hohnholz SW,HS,1,0,holmholtz sw 1,1,0,12/30/1899 0:00:00, ,4532789.388,413670.1522,0,,
Hohnholz SW,HS,2,1,holmholtz sw 2,2,0,12/30/1899 0:00:00, ,4532788.839,413669.7193,0,,
Hohnholz SW,HS,3,2,holmholtz sw 3,3,0,12/30/1899 0:00:00, ,4532786.527,413679.0572,0,,
Hohnholz SW,HS,4,3,holmholtz sw 4,4,0,12/30/1899 0:00:00, ,4532786.625,413680.0752,0,,
Hohnholz SW,HS,5,4,holmholtz sw 5,5,0,12/30/1899 0:00:00, ,4532787.199,413681.44,0,,
Hohnholz SW,HS,6,5,holmholtz sw 6,6,0,12/30/1899 0:00:00, ,4532785.009,413681.9578,0,,
Hohnholz SW,HS,7,6,holmholtz sw 7,7,0,12/30/1899 0:00:00, ,4532766.86,413693.5139,0,,
Hohnholz SW,HS,8,7,holmholtz sw 8,8,0,12/30/1899 0:00:00, ,4532765.96,413693.1141,0,,
Hohnholz SW,HS,9,8,holmholtz sw 9,9,0,12/30/1899 0:00:00, ,4532766.022,413694.0742,0,,
Hohnholz SW,HS,10,9,holmholtz sw 10,10,0,12/30/1899 0:00:00, ,4532765.98,413694.3937,0,,
Hohnholz SW,HS,11,10,holmholtz sw 11,11,0,12/30/1899 0:00:00, ,4532767.747,413694.7412,0,,
Hohnholz SW,HS,12,11,holmholtz sw 12,12,0,12/30/1899 0:00:00, ,4532767.684,413694.8133,0,,
Hohnholz SW,HS,13,12,holmholtz sw 13,13,0,12/30/1899 0:00:00, ,4532770.496,413698.5827,0,,
Hohnholz SW,HS,14,13,holmholtz sw 14,14,0,12/30/1899 0:00:00, ,4532776.144,413709.4984,0,,
Hohnholz SW,HS,15,14,holmholtz sw 15,15,0,12/30/1899 0:00:00, ,4532775.055,413708.9452,0,,
Hohnholz SW,HS,16,15,holmholtz sw 16,16,0,12/30/1899 0:00:00, ,4532753.99,413703.3634,0,,
Hohnholz SW,HS,17,16,holmholtz sw 17,17,0,12/30/1899 0:00:00, ,4532748.962,413704.1626,0,,
Hohnholz SW,HS,18,17,holmholtz sw 18,18,0,12/30/1899 0:00:00, ,4532748.672,413705.9345,0,,
Hohnholz SW,HS,19,18,holmholtz sw 19,19,0,12/30/1899 0:00:00, ,4532750.508,413708.5306,0,,
Hohnholz SW,HS,20,19,holmholtz sw 20,20,0,12/30/1899 0:00:00, ,4532744.401,413714.6516,0,,
Hohnholz SW,HS,21,20,holmholtz sw 21,21,0,12/30/1899 0:00:00, ,4532739.306,413715.2433,0,,
Hohnholz SW,HS,22,21,holmholtz sw 22,22,0,12/30/1899 0:00:00, ,4532726.758,413717.7541,0,,
Hohnholz SW,HS,23,22,holmholtz sw 23,23,0,12/30/1899 0:00:00, ,4532708.873,413720.2277,0,,
Hohnholz SW,HS,24,23,holmholtz sw 24,24,0,12/30/1899 0:00:00, ,4532700.306,413720.6879,0,,
Hohnholz SW,HS,25,24,holmholtz sw 25,25,0,12/30/1899 0:00:00, ,4532690.375,413719.8764,0,,
Hohnholz SW,HS,26,25,holmholtz sw 26,26,0,12/30/1899 0:00:00, ,4532675.37,413727.9832,0,,
Hohnholz SW,HS,27,26,holmholtz sw 27,27,0,12/30/1899 0:00:00, ,4532670.63,413729.1911,0,,
Hohnholz SW,HS,28,27,holmholtz sw 28,28,0,12/30/1899 0:00:00, ,4532664.649,413728.7273,0,,
Hohnholz SW,HS,29,28,holmholtz sw 29,29,0,12/30/1899 0:00:00, ,4532656.681,413731.019,0,,
Hohnholz SW,HS,30,29,holmholtz sw 30,30,0,12/30/1899 0:00:00, ,4532649.692,413734.6662,0,,
Powerline W,P,1,0,powerline west 1,1,0,12/30/1899 0:00:00, ,4514539.51,386733.0669,0,,
Powerline W,P,2,1,powerline west 2,2,0,12/30/1899 0:00:00, ,4514540.354,386732.8647,0,,
Powerline W,P,3,2,powerline west 3,3,0,12/30/1899 0:00:00, ,4514538.541,386732.5332,0,,
Powerline W,P,4,3,powerline west 4,4,0,12/30/1899 0:00:00, ,4514538.641,386733.2483,0,,
Powerline W,P,5,4,powerline west 5,5,0,12/30/1899 0:00:00, ,4514529.893,386734.4504,0,,
Powerline W,P,6,5,powerline west 6,6,0,12/30/1899 0:00:00, ,4514526.552,386744.524,0,,
Powerline W,P,7,6,powerline west 7,7,0,12/30/1899 0:00:00, ,4514529.804,386742.2457,0,,
Powerline W,P,8,7,powerline west 8,8,0,12/30/1899 0:00:00, ,4514528.824,386742.9921,0,,
Powerline W,P,9,8,powerline west 9,9,0,12/30/1899 0:00:00, ,4514533.415,386742.009,0,,
Powerline W,P,10,9,powerline west 10,10,0,12/30/1899 0:00:00, ,4514535.158,386741.6955,0,,
Powerline W,P,11,10,powerline west 11,11,0,12/30/1899 0:00:00, ,4514535.232,386741.8746,0,,
Powerline W,P,12,11,powerline west 12,12,0,12/30/1899 0:00:00, ,4514535.013,386743.3176,0,,
Powerline W,P,13,12,powerline west 13,13,0,12/30/1899 0:00:00, ,4514532.831,386745.0135,0,,
Powerline W,P,14,13,powerline west 14,14,0,12/30/1899 0:00:00, ,4514540.876,386749.984,0,,
Powerline W,P,15,14,powerline west 15,15,0,12/30/1899 0:00:00, ,4514540.301,386747.512,0,,
Powerline W,P,16,15,powerline west 16,16,0,12/30/1899 0:00:00, ,4514547.765,386738.3369,0,,
Powerline W,P,17,16,powerline west 17,17,0,12/30/1899 0:00:00, ,4514548.886,386739.5462,0,,
Powerline W,P,18,17,powerline west 18,18,0,12/30/1899 0:00:00, ,4514550.044,386739.2615,0,,
Powerline W,P,19,18,powerline west 19,19,0,12/30/1899 0:00:00, ,4514445.819,386619.1184,0,,
Powerline W,P,20,19,powerline west 20,20,0,12/30/1899 0:00:00, ,4514435.774,386621.5434,0,,
Powerline W,P,21,20,powerline west 21,21,0,12/30/1899 0:00:00, ,4514435.866,386621.6038,0,,
Powerline W,P,22,21,powerline west 22,22,0,12/30/1899 0:00:00, ,4514413.503,386632.8928,0,,
Powerline W,P,23,22,powerline west 23,23,0,12/30/1899 0:00:00, ,4514409.517,386627.5005,0,,
Powerline W,P,24,23,powerline west 24,24,0,12/30/1899 0:00:00, ,4514406.714,386626.4636,0,,
Powerline W,P,25,24,powerline west 25,25,0,12/30/1899 0:00:00, ,4514410.963,386618.3122,0,,
Powerline W,P,26,25,powerline west 26,26,0,12/30/1899 0:00:00, ,4514405.153,386602.6049,0,,
Powerline W,P,27,26,powerline west 27,27,0,12/30/1899 0:00:00, ,4514405.379,386602.1853,0,,
Powerline W,P,28,27,powerline west 28,28,0,12/30/1899 0:00:00, ,4514405.876,386603.54,0,,
Powerline W,P,29,28,powerline west 29,29,0,12/30/1899 0:00:00, ,4514405.337,386604.3212,0,,
Powerline W,P,30,29,powerline west 30,30,0,12/30/1899 0:00:00, ,4514402.845,386602.7757,0,,
Research Natural Area,RN,1,0,RNA 1,1,1.9,7/31/2009 0:00,02:45:45pm,4510863.155,383756.761,1,,
Research Natural Area,RN,2,1,RNA 2,2,2.0999999,7/31/2009 0:00,02:47:08pm,4510845.19,383748.407,2,,
Research Natural Area,RN,3,2,RNA 3,3,1.8,7/31/2009 0:00,02:47:50pm,4510846.05,383748.62,3,,
Research Natural Area,RN,4,3,RNA 4,4,1.8,7/31/2009 0:00,02:51:13pm,4510831.823,383759.513,4,,
Research Natural Area,RN,5,4,RNA 5,5,2.2,7/31/2009 0:00,02:52:47pm,4510843.577,383756.751,5,,
Research Natural Area,RN,6,5,RNA 6 - collection whole plant,6,2.5999999,7/31/2009 0:00,02:53:29pm,4510850.732,383757.359,6,,
Research Natural Area,RN,7,6,RNA 7,7,3.0999999,7/31/2009 0:00,03:10:11pm,4510848.914,383477.344,7,,
Research Natural Area,RN,8,7,RNA 8,8,2.8,7/31/2009 0:00,03:10:55pm,4510857.154,383477.656,8,,
Research Natural Area,RN,9,8,RNA 9,9,2.5999999,7/31/2009 0:00,03:11:47pm,4510852.89,383482.503,9,,
Research Natural Area,RN,10,9,RNA 10 - collection whole plant,10,2.2,7/31/2009 0:00,03:21:45pm,4510925.643,383384.824,10,,
Research Natural Area,RN,11,10,RNA 11,11,2.2,7/31/2009 0:00,03:25:52pm,4510930.766,383394.514,11,,
Research Natural Area,RN,12,11,RNA 12,12,2.3,7/31/2009 0:00,03:28:49pm,4510885.856,383421.019,12,,
Research Natural Area,RN,13,12,RNA 13,13,2.5999999,7/31/2009 0:00,03:29:37pm,4510885.247,383428.209,13,,
Research Natural Area,RN,14,13,RNA 14,14,6.5,7/31/2009 0:00,03:34:15pm,4510808.825,383418.71,14,,
Research Natural Area,RN,15,14,RNA 15,15,4.0999999,7/31/2009 0:00,03:35:29pm,4510817.419,383413.67,15,,
Research Natural Area,RN,16,15,RNA 16,16,3,7/31/2009 0:00,03:39:15pm,4510806.17,383444.415,16,,
Research Natural Area,RN,17,16,RNA 17,17,2.9000001,7/31/2009 0:00,03:40:25pm,4510806.591,383441.665,17,,
Research Natural Area,RN,18,17,RNA 18,18,3.9000001,7/31/2009 0:00,03:41:16pm,4510811.361,383446.099,18,,
Research Natural Area,RN,19,18,RNA 19,19,2.9000001,7/31/2009 0:00,03:42:12pm,4510810.302,383447.55,19,,
Research Natural Area,RN,20,19,RNA 20,20,3,7/31/2009 0:00,03:43:16pm,4510808.226,383452.28,20,,
Research Natural Area,RN,21,20,RNA 21,21,5,7/31/2009 0:00,03:47:24pm,4510812.096,383487.755,21,,
Research Natural Area,RN,22,21,RNA 22,22,4.0999999,7/31/2009 0:00,03:48:06pm,4510805.578,383494.225,22,,
Research Natural Area,RN,23,22,RNA 23,23,4.9000001,7/31/2009 0:00,03:48:47pm,4510811.554,383489.871,23,,
Research Natural Area,RN,24,23,RNA 24,24,4.8000002,7/31/2009 0:00,03:49:57pm,4510813.995,383493.954,24,,
Research Natural Area,RN,25,24,RNA 25,25,3.7,7/31/2009 0:00,03:51:14pm,4510818.974,383493.418,25,,
Research Natural Area,RN,26,25,RNA 26,26,2.8,7/31/2009 0:00,03:57:55pm,4510790.275,383462.504,26,,Spilled half of sample during step #2
Research Natural Area,RN,27,26,RNA 27,27,3.0999999,7/31/2009 0:00,04:00:30pm,4510788.978,383461.96,27,,Spilled half of sample during step #2
Research Natural Area,RN,28,27,RNA 28,28,2.4000001,7/31/2009 0:00,04:04:43pm,4510794.348,383510.918,28,,
Research Natural Area,RN,29,28,RNA 29,29,2.5,7/31/2009 0:00,04:07:13pm,4510791.653,383513.575,29,,
Research Natural Area,RN,30,29,RNA 30,30,3.4000001,7/31/2009 0:00,04:33:14pm,4510847,383742.727,30,,
Rockwell,R,1,0,rockwell 1,1,0,12/30/1899 0:00:00, ,4505044.925,388531.5638,0,,
Rockwell,R,2,1,rockwell 2,2,0,12/30/1899 0:00:00, ,4505046.576,388531.4573,0,,
Rockwell,R,3,2,rockwell 3,3,0,12/30/1899 0:00:00, ,4505045.666,388532.9903,0,,
Rockwell,R,4,3,rockwell 4,4,0,12/30/1899 0:00:00, ,4505047.264,388536.6077,0,,
Rockwell,R,5,4,rockwell 5,5,0,12/30/1899 0:00:00, ,4505047.063,388537.5779,0,,
Rockwell,R,6,5,rockwell 6,6,0,12/30/1899 0:00:00, ,4505075.348,388551.1876,0,,
Rockwell,R,7,6,rockwell 7,7,0,12/30/1899 0:00:00, ,4505075.776,388551.2631,0,,
Rockwell,R,8,7,rockwell 8,8,0,12/30/1899 0:00:00, ,4505077.301,388551.3267,0,,
Rockwell,R,9,8,rockwell 9,9,0,12/30/1899 0:00:00, ,4505077.786,388551.284,0,,
Rockwell,R,10,9,rockwell 10,10,0,12/30/1899 0:00:00, ,4505075.244,388556.0961,0,,
Rockwell,R,11,10,rockwell 11,11,0,12/30/1899 0:00:00, ,4505076.181,388555.8769,0,,
Rockwell,R,12,11,rockwell 12,12,0,12/30/1899 0:00:00, ,4505076.934,388555.5167,0,,
Rockwell,R,13,12,rockwell 13,13,0,12/30/1899 0:00:00, ,4505091.924,388575.3579,0,,
Rockwell,R,14,13,rockwell 14,14,0,12/30/1899 0:00:00, ,4505089.963,388577.0169,0,,
Rockwell,R,15,14,rockwell 15,15,0,12/30/1899 0:00:00, ,4505104.068,388579.1595,0,,
Rockwell,R,16,15,rockwell 16,16,0,12/30/1899 0:00:00, ,4505105.062,388578.7249,0,,
Rockwell,R,17,16,rockwell 17,17,0,12/30/1899 0:00:00, ,4505104.527,388578.0369,0,,
Rockwell,R,18,17,rockwell 18,18,0,12/30/1899 0:00:00, ,4505061.336,388536.4576,0,,
Rockwell,R,19,18,rockwell 19,19,0,12/30/1899 0:00:00, ,4505038.593,388512.6292,0,,
Rockwell,R,20,19,rockwell 20,20,0,12/30/1899 0:00:00, ,4505038.83,388512.14,0,,
Rockwell,R,21,20,rockwell 21,21,0,12/30/1899 0:00:00, ,4505039.585,388513.1973,0,,
Rockwell,R,22,21,rockwell 22,22,0,12/30/1899 0:00:00, ,4505039.584,388515.0773,0,,
Rockwell,R,23,22,rockwell 23,23,0,12/30/1899 0:00:00, ,4505033.934,388511.7896,0,,
Rockwell,R,24,23,rockwell 24,24,0,12/30/1899 0:00:00, ,4505032.69,388511.4974,0,,
Rockwell,R,25,24,rockwell 25,25,0,12/30/1899 0:00:00, ,4505026.444,388504.5039,0,,
Rockwell,R,26,25,rockwell 26,26,0,12/30/1899 0:00:00, ,4505026.988,388504.6681,0,,
Rockwell,R,27,26,rockwell 27,27,0,12/30/1899 0:00:00, ,4505026.269,388504.4931,0,,
Rockwell,R,28,27,rockwell 28,28,0,12/30/1899 0:00:00, ,4505020.111,388529.3668,0,,
Rockwell,R,29,28,rockwell 29,29,0,12/30/1899 0:00:00, ,4505019.064,388529.4283,0,,
Rockwell,R,30,29,rockwell 30,30,0,12/30/1899 0:00:00, ,4504980.318,388508.3397,0,,
Verner,V,1,0,verner 1,1,0,12/30/1899 0:00:00, ,4507250.428,381301.436,0, ,
Verner,V,2,1,verner 2,2,0,12/30/1899 0:00:00, ,4507266.613,381301.9592,0, ,
Verner,V,3,2,verner 3,3,0,12/30/1899 0:00:00, ,4507269.282,381287.072,0, ,
Verner,V,4,3,verner 4,4,0,12/30/1899 0:00:00, ,4507271.327,381283.6984,0, ,
Verner,V,5,4,verner 5,5,0,12/30/1899 0:00:00, ,4507282.739,381279.5458,0, ,
Verner,V,6,5,verner 6,6,0,12/30/1899 0:00:00, ,4507275.863,381276.593,0, ,
Verner,V,7,6,verner 7,7,0,12/30/1899 0:00:00, ,4507275.878,381276.3997,0, ,
Verner,V,8,7,verner 8,8,0,12/30/1899 0:00:00, ,4507292.546,381268.7097,0, ,
Verner,V,9,8,verner 9,9,0,12/30/1899 0:00:00, ,4507292.851,381269.1564,0, ,
Verner,V,10,9,verner 10,10,0,12/30/1899 0:00:00, ,4507294.543,381269.8778,0, ,
Verner,V,11,10,verner 11,11,0,12/30/1899 0:00:00, ,4507294.211,381269.5761,0, ,
Verner,V,12,11,verner 12,12,0,12/30/1899 0:00:00, ,4507294.87,381269.9933,0, ,
Verner,V,13,12,verner 13,13,0,12/30/1899 0:00:00, ,4507301.898,381267.2975,0, ,
Verner,V,14,13,verner 14,14,0,12/30/1899 0:00:00, ,4507305.038,381264.259,0, ,
Verner,V,15,14,verner 15,15,0,12/30/1899 0:00:00, ,4507315.839,381263.5829,0, ,
Verner,V,16,15,verner 16,16,0,12/30/1899 0:00:00, ,4507313.24,381264.4487,0, ,
Verner,V,17,16,verner 17,17,0,12/30/1899 0:00:00, ,4507316.293,381259.89,0, ,
Verner,V,18,17,verner 18,18,0,12/30/1899 0:00:00, ,4507315.214,381258.3453,0, ,
Verner,V,19,18,verner 19,19,0,12/30/1899 0:00:00, ,4507320.072,381255.8877,0, ,
Verner,V,20,19,verner 20,20,0,12/30/1899 0:00:00, ,4507322.128,381256.2355,0, ,
Verner,V,21,20,verner 21,21,0,12/30/1899 0:00:00, ,4507318.736,381247.4645,0, ,
Verner,V,22,21,verner 22,22,0,12/30/1899 0:00:00, ,4507319.751,381247.8346,0, ,
Verner,V,23,22,verner 23,23,0,12/30/1899 0:00:00, ,4507326.468,381247.391,0, ,
Verner,V,24,23,verner 24,24,0,12/30/1899 0:00:00, ,4507334.915,381239.1715,0, ,
Verner,V,25,24,verner 25,25,0,12/30/1899 0:00:00, ,4507332.332,381237.9415,0, ,
Verner,V,26,25,verner 26,26,0,12/30/1899 0:00:00, ,4507339.382,381236.7069,0, ,
Verner,V,27,26,verner 27,27,0,12/30/1899 0:00:00, ,4507262.645,381172.6096,0, ,
Verner,V,28,27,verner 28,28,0,12/30/1899 0:00:00, ,4507244.868,381162.6939,0, ,
Verner,V,29,28,verner 29,29,0,12/30/1899 0:00:00, ,4507238.637,381152.1996,0, ,
Verner,V,30,29,verner 30,30,0,12/30/1899 0:00:00, ,4507237.783,381131.2832,0, ,
Walden Airport,WA,1,0,walden airport 1,1,0,12/30/1899 0:00:00, ,4510856.652,392063.6402,0,,Extracted DNA left in centrifuge over weekend
Walden Airport,WA,2,1,walden airport 2,2,0,12/30/1899 0:00:00, ,4510857.867,392065.2666,0,,Extracted DNA left in centrifuge over weekend
Walden Airport,WA,3,2,walden airport 3,3,0,12/30/1899 0:00:00, ,4510861.028,392065.135,0,,Extracted DNA left in centrifuge over weekend
Walden Airport,WA,4,3,walden airport 4,4,0,12/30/1899 0:00:00, ,4510853.102,392071.2134,0,,Extracted DNA left in centrifuge over weekend
Walden Airport,WA,5,4,walden airport 5,5,0,12/30/1899 0:00:00, ,4510850.448,392070.8799,0,,Extracted DNA left in centrifuge over weekend
Walden Airport,WA,6,5,walden airport 6,6,0,12/30/1899 0:00:00, ,4510849.28,392069.142,0,,Extracted DNA left in centrifuge over weekend
Walden Airport,WA,7,6,walden airport 7,7,0,12/30/1899 0:00:00, ,4510846.522,392071.1578,0,,Extracted DNA left in centrifuge over weekend
Walden Airport,WA,8,7,walden airport 8,8,0,12/30/1899 0:00:00, ,4510844.455,392069.2262,0,,Extracted DNA left in centrifuge over weekend
Walden Airport,WA,9,8,walden airport 9,9,0,12/30/1899 0:00:00, ,4510845.785,392067.2208,0,,Extracted DNA left in centrifuge over weekend
Walden Airport,WA,10,9,walden airport 10,10,0,12/30/1899 0:00:00, ,4510841.389,392072.5532,0,,Extracted DNA left in centrifuge over weekend
Walden Airport,WA,11,10,walden airport 11,11,0,12/30/1899 0:00:00, ,4510844.572,392074.5633,0,,Extracted DNA left in centrifuge over weekend
Walden Airport,WA,12,11,walden airport 12,12,0,12/30/1899 0:00:00, ,4510850.862,392080.1581,0,,Extracted DNA left in centrifuge over weekend
Walden Airport,WA,13,12,walden airport 13,13,0,12/30/1899 0:00:00, ,4510891.248,392046.9618,0,,Extracted DNA left in centrifuge over weekend
Walden Airport,WA,14,13,walden airport 14,14,0,12/30/1899 0:00:00, ,4510886.537,392042.8926,0,,Extracted DNA left in centrifuge over weekend
Walden Airport,WA,15,14,walden airport 15,15,0,12/30/1899 0:00:00, ,4510885.777,392041.9006,0,,Extracted DNA left in centrifuge over weekend
Walden Airport,WA,16,15,walden airport 16,16,0,12/30/1899 0:00:00, ,4510885.555,392042.1678,0,,Extracted DNA left in centrifuge over weekend
Walden Airport,WA,17,16,walden airport 17,17,0,12/30/1899 0:00:00, ,4510882.477,392043.4604,0,,Extracted DNA left in centrifuge over weekend
Walden Airport,WA,18,17,walden airport 18,18,0,12/30/1899 0:00:00, ,4510898.459,392014.7137,0,,Extracted DNA left in centrifuge over weekend
Walden Airport,WA,19,18,walden airport 19,19,0,12/30/1899 0:00:00, ,4510897.757,392014.4001,0,,Extracted DNA left in centrifuge over weekend
Walden Airport,WA,20,19,walden airport 20,20,0,12/30/1899 0:00:00, ,4510900.544,392014.3914,0,,Extracted DNA left in centrifuge over weekend
Walden Airport,WA,21,20,walden airport 21,21,0,12/30/1899 0:00:00, ,4510920.226,391942.7324,0,,Extracted DNA left in centrifuge over weekend
Walden Airport,WA,22,21,walden airport 22,22,0,12/30/1899 0:00:00, ,4510920.125,391942.7088,0,,Extracted DNA left in centrifuge over weekend
Walden Airport,WA,23,22,walden airport 23,23,0,12/30/1899 0:00:00, ,4510917.749,391933.4482,0,,Extracted DNA left in centrifuge over weekend
Walden Airport,WA,24,23,walden airport 24,24,0,12/30/1899 0:00:00, ,4510916.817,391933.1172,0,,Extracted DNA left in centrifuge over weekend
Walden Airport,WA,25,24,walden airport 25,25,0,12/30/1899 0:00:00, ,4510838.749,392068.3503,0,,
Walden Airport,WA,26,25,walden airport 26,26,0,12/30/1899 0:00:00, ,4510840.202,392067.3389,0,,
Walden Airport,WA,27,26,walden airport 27,27,0,12/30/1899 0:00:00, ,4510840.837,392068.5723,0,,
Walden Airport,WA,28,27,walden airport 28,28,0,12/30/1899 0:00:00, ,4510840.455,392069.0525,0,,
Walden Airport,WA,29,28,walden airport 29,29,0,12/30/1899 0:00:00, ,4510839.468,392069.5294,0,,
Walden Airport,WA,30,29,walden airport 30,30,0,12/30/1899 0:00:00, ,4510839.696,392069.3042,0,,
Weather Station,WS,1,0, WeatherStation 1,1,2.2,7/31/2009 0:00,12:55:33pm,4509515.487,382937.722,1, ,"Extraction waste much darker (brown, not yellow) than normal"
Weather Station,WS,2,1, WeatherStation 2,2,2.3,7/31/2009 0:00,12:56:46pm,4509517.964,382931.363,2, ,"Extraction waste much darker (brown, not yellow) than normal"
Weather Station,WS,3,2, WeatherStation 3,3,2.5999999,7/31/2009 0:00,12:58:13pm,4509532.666,382932.382,3, ,"Extraction waste much darker (brown, not yellow) than normal"
Weather Station,WS,4,3, WeatherStation 4,4,2.0999999,7/31/2009 0:00,01:03:36pm,4509675.829,382923.798,4, ,"Extraction waste much darker (brown, not yellow) than normal"
Weather Station,WS,5,4,WeatherStation 5 - outside exclosure,5,2.5,7/31/2009 0:00,01:07:41pm,4509729.007,382872.993,5, ,"Extraction waste much darker (brown, not yellow) than normal"
Weather Station,WS,6,5,WeatherStation 6 - outside exclosure,6,2.5999999,7/31/2009 0:00,01:08:46pm,4509724.385,382868.408,6, ,"Extraction waste much darker (brown, not yellow) than normal"
Weather Station,WS,7,6,WeatherStation 7 - outside exclosure,7,1.9,7/31/2009 0:00,01:15:11pm,4509801.967,382865.283,7, ,"Extraction waste much darker (brown, not yellow) than normal"
Weather Station,WS,8,7,"WeatherStation 8 - outsde ex, collection br",8,2.3,7/31/2009 0:00,01:16:08pm,4509804.836,382861.939,8, ,"Extraction waste much darker (brown, not yellow) than normal"
Weather Station,WS,9,8,WeatherStation 9 - outside exclosure,9,2.4000001,7/31/2009 0:00,01:16:56pm,4509806.472,382861.955,9, ,"Extraction waste much darker (brown, not yellow) than normal"
Weather Station,WS,10,9,WeatherStation 10 - outside exclosure,10,2.5,7/31/2009 0:00,01:18:21pm,4509812.021,382865.39,10, ,"Extraction waste much darker (brown, not yellow) than normal"
Weather Station,WS,11,10,WeatherStation 11 - outside exclosure,11,2.4000001,7/31/2009 0:00,01:20:19pm,4509824.118,382868.557,11, ,"Extraction waste much darker (brown, not yellow) than normal"
Weather Station,WS,12,11,WeatherStation 12 - outside exclosure,12,2.2,7/31/2009 0:00,01:22:52pm,4509848.978,382869.131,12, ,"Extraction waste much darker (brown, not yellow) than normal"
Weather Station,WS,13,12,WeatherStation 13 - outside exclosure,13,2.3,7/31/2009 0:00,01:23:57pm,4509848.485,382863.373,13, ,"Extraction waste much darker (brown, not yellow) than normal"
Weather Station,WS,14,13,WeatherStation 14 - outside exclosure,14,2,7/31/2009 0:00,01:31:46pm,4509786.663,382877.054,14, ,"Extraction waste much darker (brown, not yellow) than normal"
Weather Station,WS,15,14,WeatherStation 15 - outside exclosure,15,1.9,7/31/2009 0:00,01:33:39pm,4509763.71,382888.52,15, ,"Extraction waste much darker (brown, not yellow) than normal"
Weather Station,WS,16,15,WeatherStation 16,16,1.9,7/31/2009 0:00,01:35:29pm,4509741.504,382887.998,16, ,"Extraction waste much darker (brown, not yellow) than normal"
Weather Station,WS,17,16,WeatherStation 17,17,1.6,7/31/2009 0:00,01:37:00pm,4509759.089,382875.103,17, ,"Extraction waste much darker (brown, not yellow) than normal"
Weather Station,WS,18,17,WeatherStation 18,18,2,7/31/2009 0:00,01:37:56pm,4509762.755,382874.495,18, ,"Extraction waste much darker (brown, not yellow) than normal"
Weather Station,WS,19,18,WeatherStation 19 - collection whole plant,19,2.5,7/31/2009 0:00,01:39:04pm,4509761.104,382877.509,19, ,"Extraction waste much darker (brown, not yellow) than normal"
Weather Station,WS,20,19,WeatherStation 20,20,2.5,7/31/2009 0:00,01:40:05pm,4509769.132,382876.132,20, ,"Extraction waste much darker (brown, not yellow) than normal"
Weather Station,WS,21,20,WeatherStation 21,21,1.5,7/31/2009 0:00,01:40:48pm,4509770.083,382874.509,21, ,"Extraction waste much darker (brown, not yellow) than normal"
Weather Station,WS,22,21,WeatherStation 22,22,1.6,7/31/2009 0:00,01:42:49pm,4509784.81,382859.816,22, ,"Extraction waste much darker (brown, not yellow) than normal"
Weather Station,WS,23,22,WeatherStation 23,23,2.9000001,7/31/2009 0:00,01:45:29pm,4509765.315,382868.497,23, ,"Extraction waste much darker (brown, not yellow) than normal"
Weather Station,WS,24,23,WeatherStation 24,24,2.0999999,7/31/2009 0:00,01:47:48pm,4509760.242,382872.109,24, ,"Extraction waste much darker (brown, not yellow) than normal"
Weather Station,WS,25,24,WeatherStation 25,25,1.9,7/31/2009 0:00,01:49:24pm,4509753.871,382871.247,25, ,"Extraction waste much darker (brown, not yellow) than normal"
Weather Station,WS,26,25,WeatherStation 26,26,2.5999999,7/31/2009 0:00,01:51:45pm,4509742.292,382869.439,26, ,"Extraction waste much darker (brown, not yellow) than normal"
Weather Station,WS,27,26,WeatherStation 27,27,2.0999999,7/31/2009 0:00,01:52:44pm,4509739.507,382868.67,27, ,"Extraction waste much darker (brown, not yellow) than normal"
Weather Station,WS,28,27,WeatherStation 28,28,2.2,7/31/2009 0:00,01:53:24pm,4509736.569,382870.486,28, ,"Extraction waste much darker (brown, not yellow) than normal"
Weather Station,WS,29,28,WeatherStation 29,29,2.2,7/31/2009 0:00,01:54:52pm,4509730.875,382872.937,29, ,"Extraction waste much darker (brown, not yellow) than normal"
Weather Station,WS,30,29,WeatherStation 30,30,3.5,7/31/2009 0:00,01:56:48pm,4509744.505,382862.728,30, ,"Extraction waste much darker (brown, not yellow) than normal"
Phacelia sp.,,,,,,,,,,,,,
Troublesome Creek,T,1,0,phacelia unknown,1,,,,4438666.831,391244.2438,,,
Troublesome Creek,T,2,1,phacelia unknown,2,,,,4438667.251,391244.024,,,
Troublesome Creek,T,3,2,phacelia unknown,3,,,,4438665.968,391249.6337,,,
Troublesome Creek,T,4,3,phacelia unknown,4,,,,4438664.125,391249.8974,,,
Troublesome Creek,T,5,4,phacelia unknown,5,,,,4438665.021,391251.2006,,,
Troublesome Creek,T,6,5,phacelia unknown,6,,,,4438661.768,391253.2516,,,
Troublesome Creek,T,7,6,phacelia unknown,7,,,,4438659.79,391253.5855,,,
Troublesome Creek,T,8,7,phacelia unknown,8,,,,4438659.314,391252.5709,,,
Troublesome Creek,T,9,8,phacelia unknown,9,,,,4438651.348,391252.3968,,,
Troublesome Creek,T,10,9,phacelia unknown,10,,,,4438650.742,391252.2893,,,
Troublesome Creek,T,11,10,phacelia unknown,11,,,,4438651.072,391253.8547,,,
Troublesome Creek,T,12,22,phacelia unknown,12,,,,4438648.577,391257.3372,,,
Troublesome Creek,T,13,23,phacelia unknown,13,,,,4438643.463,391256.0427,,,
Troublesome Creek,T,14,24,phacelia unknown,14,,,,4438640.147,391257.5241,,,
Troublesome Creek,T,15,25,phacelia unknown,15,,,,4438638.183,391259.1227,,,
Troublesome Creek,T,16,26,phacelia unknown,16,,,,4438634.369,391244.0112,,,
Troublesome Creek,T,17,27,phacelia unknown,17,,,,4438629.323,391258.7113,,,
Troublesome Creek,T,18,21,phacelia unknown,18,,,,4438629.763,391260.9188,,,
Troublesome Creek,T,19,20,phacelia unknown,19,,,,4438628.063,391260.6056,,,
Troublesome Creek,T,20,19,phacelia unknown,20,,,,4438627.719,391260.7953,,,
Troublesome Creek,T,21,18,phacelia unknown,21,,,,4438631.198,391263.3847,,,dropped v-column filter into extraction waste beaker!
Troublesome Creek,T,22,17,phacelia unknown,22,,,,4438631.368,391263.8964,,,
Troublesome Creek,T,23,,,23,,8/26/2010,82610,,,,,
Troublesome Creek,T,24,16,phacelia unknown,24,,,,4438637.563,391268.8989,,,
Troublesome Creek,T,25,,,25,,8/26/2010,82610,,,,,
Troublesome Creek,T,26,15,phacelia unknown,26,,,,4438633.865,391271.931,,,
Troublesome Creek,T,27,14,phacelia unknown,27,,,,4438635.733,391272.2522,,,
Troublesome Creek,T,28,13,phacelia unknown,28,,,,4438634.464,391271.8522,,,
Troublesome Creek,T,29,12,phacelia unknown,29,,,,4438632.679,391270.1718,,,
Troublesome Creek,T,30,11,phacelia unknown,30,,,,4438630.942,391265.9301,,,
Total items:,451,,,,,,,,,,,60,
,,,,,,,,,,,,,
,,,,,,,,,,,,,
,,,,,,,,,,,,,
,,,,,,,,,,,,,
,,,,,,,,,,,,,
,,,,,,,,,,,,,
,,,,,,,,,,,,,
,,,,,,,,,,,,,
,,,,,,,,,,,,,
,,,,,,,,,,,,,
,,,,,,,,,,,,,
,,,,,,,,,,,,,
,,,,,,,,,,,,,
,,,,,,,,,,,,,
,,,,,,,,,,,,,
,,,,,,,,,,,,,
,,,,,,,,,,,,,
,,,,,,,,,,,,,
,,,,,,,,,,,,,
,,,,,,,,,,,,,
,,,,,,,,,,,,,
,,,,,,,,,,,,,
,,,,,,,,,,,,,
,,,,,,,,,,,,,
,,,,,,,,,,,,,
,,,,,,,,,,,,,
,,,,,,,,,,,,,
,,,,,,,,,,,,,
,,,,,,,,,,,,,
,,,,,,,,,,,,,
,,,,,,,,,,,,,
,,,,,,,,,,,,,
,,,,,,,,,,,,,
,,,,,,,,,,,,,
,,,,,,,,,,,,,
,,,,,,,,,,,,,
,,,,,,,,,,,,,
,,,,,,,,,,,,,
,,,,,,,,,,,,,
,,,,,,,,,,,,,
,,,,,,,,,,,,,
,,,,,,,,,,,,,
,,,,,,,,,,,,,
,,,,,,,,,,,,,
,,,,,,,,,,,,,
,,,,,,,,,,,,,
,,,,,,,,,,,,,
,,,,,,,,,,,,,
,,,,,,,,,,,,,
,,,,,,,,,,,,,
,,,,,,,,,,,,,
,,,,,,,,,,,,,
,,,,,,,,,,,,,
,,,,,,,,,,,,,
,,,,,,,,,,,,,
,,,,,,,,,,,,,
,,,,,,,,,,,,,
,,,,,,,,,,,,,
,,,,,,,,,,,,,
,,,,,,,,,,,,,
,,,,,,,,,,,,,
,,,,,,,,,,,,,
,,,,,,,,,,,,,
,,,,,,,,,,,,,
,,,,,,,,,,,,,
,,,,,,,,,,,,,
,,,,,,,,,,,,,
,,,,,,,,,,,,,
,,,,,,,,,,,,,
,,,,,,,,,,,,,
,,,,,,,,,,,,,
,,,,,,,,,,,,,
,,,,,,,,,,,,,
,,,,,,,,,,,,,
,,,,,,,,,,,,,
,,,,,,,,,,,,,
,,,,,,,,,,,,,
,,,,,,,,,,,,,
,,,,,,,,,,,,,
,,,,,,,,,,,,,
,,,,,,,,,,,,,
,,,,,,,,,,,,,
,,,,,,,,,,,,,
,,,,,,,,,,,,,
,,,,,,,,,,,,,
,,,,,,,,,,,,,
,,,,,,,,,,,,,
,,,,,,,,,,,,,
,,,,,,,,,,,,,
,,,,,,,,,,,,,
,,,,,,,,,,,,,
,,,,,,,,,,,,,
,,,,,,,,,,,,,
,,,,,,,,,,,,,
,,,,,,,,,,,,,
,,,,,,,,,,,,,
,,,,,,,,,,,,,
,,,,,,,,,,,,,
,,,,,,,,,,,,,
,,,,,,,,,,,,,
,,,,,,,,,,,,,
,,,,,,,,,,,,,
,,,,,,,,,,,,,
,,,,,,,,,,,,,
,,,,,,,,,,,,,
,,,,,,,,,,,,,
,,,,,,,,,,,,,
,,,,,,,,,,,,,
,,,,,,,,,,,,,
,,,,,,,,,,,,,
,,,,,,,,,,,,,
,,,,,,,,,,,,,
,,,,,,,,,,,,,
,,,,,,,,,,,,,
,,,,,,,,,,,,,
,,,,,,,,,,,,,
,,,,,,,,,,,,,
,,,,,,,,,,,,,
,,,,,,,,,,,,,
,,,,,,,,,,,,,
,,,,,,,,,,,,,
,,,,,,,,,,,,,
,,,,,,,,,,,,,
,,,,,,,,,,,,,
,,,,,,,,,,,,,
,,,,,,,,,,,,,
,,,,,,,,,,,,,
,,,,,,,,,,,,,
,,,,,,,,,,,,,
,,,,,,,,,,,,,
,,,,,,,,,,,,,
,,,,,,,,,,,,,
,,,,,,,,,,,,,
,,,,,,,,,,,,,
,,,,,,,,,,,,,
,,,,,,,,,,,,,
,,,,,,,,,,,,,
,,,,,,,,,,,,,
,,,,,,,,,,,,,
,,,,,,,,,,,,,
,,,,,,,,,,,,,
,,,,,,,,,,,,,
,,,,,,,,,,,,,
,,,,,,,,,,,,,
,,,,,,,,,,,,,
,,,,,,,,,,,,,
,,,,,,,,,,,,,
,,,,,,,,,,,,,
,,,,,,,,,,,,,
,,,,,,,,,,,,,
,,,,,,,,,,,,,
,,,,,,,,,,,,,
,,,,,,,,,,,,,
,,,,,,,,,,,,,
,,,,,,,,,,,,,
,,,,,,,,,,,,,
,,,,,,,,,,,,,
,,,,,,,,,,,,,
,,,,,,,,,,,,,
,,,,,,,,,,,,,
,,,,,,,,,,,,,
,,,,,,,,,,,,,
,,,,,,,,,,,,,
,,,,,,,,,,,,,
,,,,,,,,,,,,,
,,,,,,,,,,,,,
,,,,,,,,,,,,,
,,,,,,,,,,,,,
,,,,,,,,,,,,,
,,,,,,,,,,,,,
,,,,,,,,,,,,,
,,,,,,,,,,,,,
,,,,,,,,,,,,,
,,,,,,,,,,,,,
,,,,,,,,,,,,,
,,,,,,,,,,,,,
,,,,,,,,,,,,,
,,,,,,,,,,,,,
,,,,,,,,,,,,,
,,,,,,,,,,,,,
,,,,,,,,,,,,,
,,,,,,,,,,,,,
,,,,,,,,,,,,,
,,,,,,,,,,,,,
,,,,,,,,,,,,,
,,,,,,,,,,,,,
,,,,,,,,,,,,,
,,,,,,,,,,,,,
,,,,,,,,,,,,,
,,,,,,,,,,,,,
,,,,,,,,,,,,,
,,,,,,,,,,,,,
,,,,,,,,,,,,,
,,,,,,,,,,,,,
,,,,,,,,,,,,,
,,,,,,,,,,,,,
,,,,,,,,,,,,,
,,,,,,,,,,,,,
,,,,,,,,,,,,,
,,,,,,,,,,,,,
,,,,,,,,,,,,,
,,,,,,,,,,,,,
,,,,,,,,,,,,,
,,,,,,,,,,,,,
,,,,,,,,,,,,,
,,,,,,,,,,,,,
,,,,,,,,,,,,,
,,,,,,,,,,,,,
,,,,,,,,,,,,,
,,,,,,,,,,,,,
,,,,,,,,,,,,,
,,,,,,,,,,,,,
,,,,,,,,,,,,,
,,,,,,,,,,,,,
,,,,,,,,,,,,,
,,,,,,,,,,,,,
,,,,,,,,,,,,,
,,,,,,,,,,,,,
,,,,,,,,,,,,,
,,,,,,,,,,,,,
,,,,,,,,,,,,,
,,,,,,,,,,,,,
,,,,,,,,,,,,,
,,,,,,,,,,,,,
,,,,,,,,,,,,,
,,,,,,,,,,,,,
,,,,,,,,,,,,,
,,,,,,,,,,,,,
,,,,,,,,,,,,,
,,,,,,,,,,,,,
,,,,,,,,,,,,,
,,,,,,,,,,,,,
,,,,,,,,,,,,,
,,,,,,,,,,,,,
,,,,,,,,,,,,,
,,,,,,,,,,,,,
,,,,,,,,,,,,,
,,,,,,,,,,,,,
,,,,,,,,,,,,,
,,,,,,,,,,,,,
,,,,,,,,,,,,,
,,,,,,,,,,,,,
,,,,,,,,,,,,,
,,,,,,,,,,,,,
,,,,,,,,,,,,,
,,,,,,,,,,,,,
,,,,,,,,,,,,,
,,,,,,,,,,,,,
,,,,,,,,,,,,,
,,,,,,,,,,,,,
,,,,,,,,,,,,,
,,,,,,,,,,,,,
,,,,,,,,,,,,,
,,,,,,,,,,,,,
,,,,,,,,,,,,,
,,,,,,,,,,,,,
,,,,,,,,,,,,,
,,,,,,,,,,,,,
,,,,,,,,,,,,,
,,,,,,,,,,,,,
,,,,,,,,,,,,,
,,,,,,,,,,,,,
,,,,,,,,,,,,,
,,,,,,,,,,,,,
,,,,,,,,,,,,,
,,,,,,,,,,,,,
,,,,,,,,,,,,,
,,,,,,,,,,,,,
,,,,,,,,,,,,,
,,,,,,,,,,,,,
,,,,,,,,,,,,,
,,,,,,,,,,,,,
,,,,,,,,,,,,,
,,,,,,,,,,,,,
,,,,,,,,,,,,,
,,,,,,,,,,,,,
,,,,,,,,,,,,,
,,,,,,,,,,,,,
,,,,,,,,,,,,,
,,,,,,,,,,,,,
,,,,,,,,,,,,,
,,,,,,,,,,,,,
,,,,,,,,,,,,,
,,,,,,,,,,,,,
,,,,,,,,,,,,,
,,,,,,,,,,,,,
,,,,,,,,,,,,,
,,,,,,,,,,,,,
,,,,,,,,,,,,,
,,,,,,,,,,,,,
,,,,,,,,,,,,,
,,,,,,,,,,,,,
,,,,,,,,,,,,,
,,,,,,,,,,,,,
,,,,,,,,,,,,,
,,,,,,,,,,,,,
,,,,,,,,,,,,,
,,,,,,,,,,,,,
,,,,,,,,,,,,,
,,,,,,,,,,,,,
,,,,,,,,,,,,,
,,,,,,,,,,,,,
,,,,,,,,,,,,,
,,,,,,,,,,,,,
,,,,,,,,,,,,,
,,,,,,,,,,,,,
,,,,,,,,,,,,,
,,,,,,,,,,,,,
,,,,,,,,,,,,,
,,,,,,,,,,,,,
,,,,,,,,,,,,,
,,,,,,,,,,,,,
,,,,,,,,,,,,,
,,,,,,,,,,,,,
,,,,,,,,,,,,,
,,,,,,,,,,,,,
,,,,,,,,,,,,,
,,,,,,,,,,,,,
,,,,,,,,,,,,,
,,,,,,,,,,,,,
,,,,,,,,,,,,,
,,,,,,,,,,,,,
,,,,,,,,,,,,,
,,,,,,,,,,,,,
,,,,,,,,,,,,,
,,,,,,,,,,,,,
,,,,,,,,,,,,,
,,,,,,,,,,,,,
,,,,,,,,,,,,,
,,,,,,,,,,,,,
,,,,,,,,,,,,,
,,,,,,,,,,,,,
,,,,,,,,,,,,,
,,,,,,,,,,,,,
,,,,,,,,,,,,,
,,,,,,,,,,,,,
,,,,,,,,,,,,,
,,,,,,,,,,,,,
,,,,,,,,,,,,,
,,,,,,,,,,,,,
,,,,,,,,,,,,,
,,,,,,,,,,,,,
,,,,,,,,,,,,,
,,,,,,,,,,,,,
,,,,,,,,,,,,,
,,,,,,,,,,,,,
,,,,,,,,,,,,,
,,,,,,,,,,,,,
,,,,,,,,,,,,,
,,,,,,,,,,,,,
,,,,,,,,,,,,,
,,,,,,,,,,,,,
,,,,,,,,,,,,,
,,,,,,,,,,,,,
,,,,,,,,,,,,,
,,,,,,,,,,,,,
,,,,,,,,,,,,,
,,,,,,,,,,,,,
,,,,,,,,,,,,,
,,,,,,,,,,,,,
,,,,,,,,,,,,,
,,,,,,,,,,,,,
,,,,,,,,,,,,,
